state_code,state_name,district_code,district_name,lgd_code,district_name_lgd,pop_total,pop_male,pop_female,pop_under6_total,pop_under6_male,pop_under6_female,pop_sc,pop_st,literate_total,literate_male,literate_female,illiterate_total,illiterate_male,illiterate_female,workers_total,workers_male,workers_female,non_workers_total,non_workers_male,non_workers_female,literacy_rate,sex_ratio,workforce_participation
27,Maharashtra,497,Nandurbar,486,Nandurbar,1648295,833170,815125,240222,123582,116640,47985,1141933,906509,512099,394410,741786,321071,420715,792065,442898,349167,856230,390272,465958,55.0,978,48.05
27,Maharashtra,498,Dhule,474,Dhule,2050862,1054031,996831,273507,144121,129386,127571,647315,1293916,723388,570528,756946,330643,426303,936370,570448,365922,1114492,483583,630909,63.09,946,45.66
27,Maharashtra,499,Jalgaon,478,Jalgaon,4229917,2197365,2032552,532005,288827,243178,389273,604367,2891882,1629223,1262659,1338035,568142,769893,1863571,1186472,677099,2366346,1010893,1355453,68.37,925,44.06
27,Maharashtra,500,Buldana,472,Buldhana,2586258,1337560,1248698,332125,179072,153053,470895,124837,1879874,1048892,830982,706384,288668,417716,1219641,734024,485617,1366617,603536,763081,72.69,934,47.16
27,Maharashtra,501,Akola,467,Akola,1813906,932334,881572,211080,110372,100708,364059,100280,1411281,758977,652304,402625,173357,229268,768154,520362,247792,1045752,411972,633780,77.8,946,42.35
27,Maharashtra,502,Washim,499,Washim,1197160,620302,576858,152190,81686,70504,229462,80471,869917,487703,382214,327243,132599,194644,569792,340353,229439,627368,279949,347419,72.67,930,47.6
27,Maharashtra,503,Amravati,468,Amravati,2888445,1480768,1407677,311391,160934,150457,506374,404128,2251875,1207104,1044771,636570,273664,362906,1236322,837577,398745,1652123,643191,1008932,77.96,951,42.8
27,Maharashtra,504,Wardha,498,Wardha,1300774,668385,632389,128901,67187,61714,188830,149507,1019458,552617,466841,281316,115768,165548,608235,392316,215919,692539,276069,416470,78.37,946,46.76
27,Maharashtra,505,Nagpur,484,Nagpur,4653570,2384975,2268595,497087,257438,239649,867713,437571,3673808,1959220,1714588,979762,425755,554007,1868560,1334211,534349,2785010,1050764,1734246,78.95,951,40.15
27,Maharashtra,506,Bhandara,471,Bhandara,1200334,605520,594814,126025,64626,61399,200372,88886,899860,488709,411151,300474,116811,183663,597305,345054,252251,603029,260466,342563,74.97,982,49.76
27,Maharashtra,507,Gondiya,476,Gondia,1322507,661554,660953,140365,71764,68601,175961,214253,1004243,542837,461406,318264,118717,199547,665419,383151,282268,657088,278403,378685,75.93,999,50.31
27,Maharashtra,508,Gadchiroli,475,Gadchiroli,1072942,541328,531614,120272,61320,58952,120745,415306,708365,395110,313255,364577,146218,218359,584237,323338,260899,488705,217990,270715,66.02,982,54.45
27,Maharashtra,509,Chandrapur,473,Chandrapur,2204307,1123834,1080473,231316,118471,112845,348365,389441,1578615,872565,706050,625692,251269,374423,1058172,648565,409607,1146135,475269,670866,71.62,961,48.0
27,Maharashtra,510,Yavatmal,500,Yavatmal,2772348,1419965,1352383,330180,171782,158398,328518,514057,2022574,1115980,906594,749774,303985,445789,1355999,815475,540524,1416349,604490,811859,72.96,952,48.91
27,Maharashtra,511,Nanded,485,Nanded,3361292,1730075,1631217,459572,240620,218952,640483,281695,2189425,1255222,934203,1171867,474853,697014,1493953,925232,568721,1867339,804843,1062496,65.14,943,44.45
27,Maharashtra,512,Hingoli,477,Hingoli,1177345,606294,571051,165716,88052,77664,182565,111954,790743,450551,340192,386602,155743,230859,569182,330903,238279,608163,275391,332772,67.16,942,48.34
27,Maharashtra,513,Parbhani,489,Parbhani,1836086,942870,893216,257320,136605,120715,247308,40514,1157814,666291,491523,678272,276579,401693,822797,501422,321375,1013289,441448,571841,63.06,947,44.81
27,Maharashtra,514,Jalna,479,Jalna,1959046,1011473,947573,287338,153642,133696,272266,42263,1195523,699428,496095,763523,312045,451478,930886,545030,385856,1028160,466443,561717,61.03,937,47.52
27,Maharashtra,515,Aurangabad,469,Chhatrapati Sambhajinagar,3701282,1924469,1776813,532659,286721,245938,539368,143366,2503837,1430936,1072901,1197445,493533,703912,1575079,1015864,559215,2126203,908605,1217598,67.65,923,42.55
27,Maharashtra,516,Nashik,487,Nashik,6107187,3157186,2950001,827935,438050,389885,554687,1564369,4345366,2397538,1947828,1761821,759648,1002173,2763328,1746286,1017042,3343859,1410900,1932959,71.15,934,45.25
27,Maharashtra,517,Thane,497,Thane,11060148,5865078,5195070,1327146,689665,637481,730089,1542451,8227161,4591396,3635765,2832987,1273682,1559305,4492767,3363123,1129644,6567381,2501955,4065426,74.39,886,40.62
27,Maharashtra,518,Mumbai Suburban,483,Mumbai Suburban,9356962,5031323,4325639,930884,486696,444188,583302,104560,7575485,4223029,3352456,1781477,808294,973183,3735021,2944322,790699,5621941,2087001,3534940,80.96,860,39.92
27,Maharashtra,519,Mumbai,482,Mumbai,3085411,1684608,1400803,272886,142566,130320,219934,25093,2509022,1410680,1098342,576389,273928,302461,1284396,1021009,263387,1801015,663599,1137416,81.32,832,41.63
27,Maharashtra,520,Raigarh,491,Raigad,2634200,1344345,1289855,300815,155437,145378,134952,305125,1939994,1059692,880302,694206,284653,409553,1072969,753843,319126,1561231,590502,970729,73.65,959,40.73
27,Maharashtra,521,Pune,490,Pune,9429408,4924105,4505303,1104959,586665,518294,1180703,348876,7171723,3940210,3231513,2257685,983895,1273790,4048993,2809816,1239177,5380415,2114289,3266126,76.06,915,42.94
27,Maharashtra,522,Ahmadnagar,466,Ahilyanagar,4543159,2342825,2200334,556014,300238,255776,573698,378230,3151890,1773355,1378535,1391269,569470,821799,2204590,1300309,904281,2338569,1042516,1296053,69.38,939,48.53
27,Maharashtra,523,Bid,470,Beed,2585049,1349106,1235943,352890,195245,157645,351254,32722,1718507,987185,731322,866542,361921,504621,1255548,727819,527729,1329501,621287,708214,66.48,916,48.57
27,Maharashtra,524,Latur,481,Latur,2454196,1273140,1181056,317811,168237,149574,480913,57488,1650672,932432,718240,803524,340708,462816,1046857,670018,376839,1407339,603122,804217,67.26,928,42.66
27,Maharashtra,525,Osmanabad,488,Dharashiv,1657576,861535,796041,207096,110919,96177,265184,36039,1137810,644304,493506,519766,217231,302535,773916,473795,300121,883660,387740,495920,68.64,924,46.69
27,Maharashtra,526,Solapur,496,Solapur,4317756,2227852,2089904,538453,285879,252574,649745,77592,2910676,1651266,1259410,1407080,576586,830494,1898395,1206933,691462,2419361,1020919,1398442,67.41,938,43.97
27,Maharashtra,527,Satara,494,Satara,3003741,1510842,1492899,317885,167729,150156,323236,29635,2225694,1201034,1024660,778047,309808,468239,1354947,844805,510142,1648794,666037,982757,74.1,988,45.11
27,Maharashtra,528,Ratnagiri,492,Ratnagiri,1615069,761121,853948,155560,80333,75227,66948,20374,1199392,619012,580380,415677,142109,273568,714076,407008,307068,900993,354113,546880,74.26,1122,44.21
27,Maharashtra,529,Sindhudurg,495,Sindhudurg,849651,417332,432319,71193,37034,34159,55586,6976,666067,348289,317778,183584,69043,114541,347178,229676,117502,502473,187656,314817,78.39,1036,40.86
27,Maharashtra,530,Kolhapur,480,Kolhapur,3876001,1980658,1895343,408942,219521,189421,504461,30206,2825845,1559760,1266085,1050156,420898,629258,1704054,1125204,578850,2171947,855454,1316493,72.91,957,43.96
27,Maharashtra,531,Sangli,493,Sangli,2822143,1435728,1386415,306777,164355,142422,353093,18333,2049467,1121550,927917,772676,314178,458498,1215104,800214,414890,1607039,635514,971525,72.62,966,43.06
